{"averageTrainLoss": [27.553687618624778, 17.77488367019161, 15.636797043585009], "trainCharErrorRates": [1.0141154142696163, 0.9339857651245551, 0.803209759564136], "trainWordAccuracies": [0.0003225806451612903, 0.0, 0.0], "valCharErrorRates": [0.9983118477593615, 0.8595764272559853, 0.7639656230816452], "valWordAccuracies": [0.0, 0.0009389671361502347, 0.0009389671361502347], "averageValLoss": [21.79860600558194, 20.264129812067207, 16.762912143360484]}