{"averageTrainLoss": [26.8203925471152, 17.197916984558105, 13.296033797725554], "trainCharErrorRates": [0.9817397470748138, 0.9196644810679898, 0.7354933726067747], "trainWordAccuracies": [0.0003225806451612903, 0.0, 0.031612903225806455], "valCharErrorRates": [0.9369244935543278, 0.9059238796807858, 0.5893186003683242], "valWordAccuracies": [0.0, 0.0, 0.05727699530516432], "averageValLoss": [20.348420750011098, 17.67797019264915, 12.610258795998313]}