{"averageTrainLoss": [16.50678902287637, 11.769600160660282, 7.559998666086504], "charErrorRates": [0.8815224063842848, 0.5102823818293432, 0.3888888888888889], "wordAccuracies": [0.007511737089201878, 0.05539906103286385, 0.13990610328638498], "averageValLoss": [16.70732290094549, 12.124968355352228, 9.356201215223832]}