{"averageTrainLoss": [27.513115359890847, 16.668760761137932, 12.474639677232311, 8.384585811245826, 5.803851358352169], "trainCharErrorRates": [1.0, 0.7804417148931144, 0.4814004376367615, 0.3348526103942228, 0.16294985250737462], "trainWordAccuracies": [0.0, 0.0, 0.03967741935483871, 0.0867741935483871, 0.4161290322580645], "valCharErrorRates": [1.0, 0.7897483118477594, 0.5207182320441989, 0.39779005524861877, 0.26795580110497236], "valWordAccuracies": [0.0, 0.0, 0.024413145539906103, 0.051643192488262914, 0.2140845070422535], "averageValLoss": [20.663481105457652, 17.15272400595925, 12.67457424510609, 10.793410301208496, 8.060199390758168]}