{"averageTrainLoss": [3.232526231425368, 1.357543611833137, 0.9353540966652597, 0.7072424137323999, 0.5537494439212456, 0.4348496339760026, 0.3514724220134246, 0.29441201281988355, 0.24157186082513385, 0.22963665013719603, 0.18547611014612042, 0.16809999801434122, 0.17128637891825757, 0.12626891677234908, 0.1135093723857997, 0.13998223592638012, 0.11255777019624062, 0.10612248913669461, 0.09929045445624128, 0.08737350002655886, 0.10467444963968835, 0.07661853313979085, 0.0974299526470938, 0.06575698206512635, 0.08043792750836137, 0.09100246527965908, 0.06042077476038954, 0.055524451453747806, 0.09800863059662833], "trainCharErrorRates": [0.060762884588669734, 0.07405879169526353, 0.03153622996066266, 0.17772566388195996, 0.10642828411838128, 0.021391771279297582, 0.054181165160482256, 0.09763622791739239, 0.030257728752410375, 0.13390772420943495, 0.10800315150007257, 0.16200930849685397, 0.05132192523569893, 0.01784285021129418, 0.12773722627737227, 0.007131913446766693, 0.14048968201147388, 0.2430178022716246, 0.0076863106123752295, 0.119892663767593, 0.4451312698159257, 0.012315470129956308, 0.32343085823294004, 0.03490838518653676, 0.09696813892159953, 0.08008327233745202, 0.3661798065000394, 0.1532978379319782, 0.1971614883007288], "trainWordAccuracies": [0.6891800643086816, 0.6147427652733118, 0.8197427652733119, 0.4342926045016077, 0.5367363344051447, 0.870112540192926, 0.7139228295819936, 0.6089549839228295, 0.8089549839228296, 0.5813826366559486, 0.5894372990353698, 0.31696141479099676, 0.709903536977492, 0.8834083601286173, 0.5372186495176848, 0.952315112540193, 0.5276848874598071, 0.4042443729903537, 0.9478778135048231, 0.5497909967845659, 0.2917041800643087, 0.9142926045016078, 0.3894694533762058, 0.7793569131832797, 0.5277491961414791, 0.6318971061093248, 0.28638263665594854, 0.5065755627009646, 0.449967845659164], "valCharErrorRates": [0.07350487251368308, 0.09159324522760647, 0.05104458683753838, 0.20286009878520891, 0.13079028167133894, 0.045487918835936454, 0.07917834735015351, 0.12708583633693765, 0.05618408757175277, 0.16880256307569083, 0.1396175410492591, 0.18981110666132692, 0.08074689627553064, 0.04598851955680149, 0.16139367240688826, 0.03712788679749032, 0.17449272460285675, 0.27674876518488856, 0.03699439327192631, 0.15290014684287812, 0.4831631290882392, 0.04153317314110266, 0.3581130690161527, 0.06569550126818849, 0.1263015618742491, 0.11228474169002803, 0.40056401014550796, 0.18595648111066612, 0.2292417567747964], "valWordAccuracies": [0.6538214515093128, 0.5623635195889531, 0.7460500963391137, 0.36878612716763004, 0.45895953757225433, 0.7667308927424534, 0.6290301862556198, 0.5013487475915221, 0.703917790622993, 0.4687219010918433, 0.48323699421965316, 0.2589595375722543, 0.5926782273603083, 0.7599229287090559, 0.42928709055876685, 0.8078355812459859, 0.4286448298008992, 0.32087347463070004, 0.8055234425176622, 0.4417469492614001, 0.23609505459216443, 0.775208734746307, 0.3045600513808606, 0.6441875401412974, 0.4263326910725755, 0.5080282594733462, 0.2132305716120745, 0.4029543994861914, 0.3640333975594091], "averageValLoss": [2.024118024569291, 2.434913849219298, 1.3697437307773492, 5.617154610462678, 3.4223126692649646, 1.2878926946566656, 2.2181725670129824, 3.3203215507360606, 1.6898547067092016, 5.905746918458205, 4.235694056902176, 6.429654457630256, 2.424308513983702, 1.5770901915354607, 4.814032420133933, 1.3146489400130053, 5.725425439003186, 10.23537875444461, 1.3634387724674666, 5.7286193401385574, 20.511884065774773, 1.4764989201839154, 19.757322653745995, 2.2202064104569263, 4.231156184123113, 3.936529141206008, 19.20507922539344, 6.7227053703405915, 9.1012451954377]}